{"isa": 0, "has_finding_site": 1, "has_direct_procedure_site": 2, "has_procedure_site": 3, "entire_anatomy_structure_of": 4, "has_indirect_procedure_site": 5, "moved_from": 6, "inverse_isa": 7, "possibly_equivalent_to": 8, "associated_morphology_of": 9, "mapped_from": 10, "same_as": 11, "finding_site_of": 12, "mapped_to": 13, "replaces": 14, "has_alternative": 15, "was_a": 16, "replaced_by": 17, "has_associated_morphology": 18, "has_direct_morphology": 19, "is_interpreted_by": 20, "inverse_was_a": 21, "has_focus": 22, "pathological_process_of": 23, "has_occurrence": 24, "has_indirect_morphology": 25, "occurs_after": 26, "has_associated_finding": 27, "due_to": 28, "finding_context_of": 29, "subject_relationship_context_of": 30, "occurs_before": 31, "intent_of": 32, "has_specimen_source_morphology": 33, "interpretation_of": 34, "has_causative_agent": 35, "cause_of": 36, "method_of": 37, "associated_with": 38, "causative_agent_of": 39, "interprets": 40, "clinical_course_of": 41, "has_associated_procedure": 42, "laterality_of": 43, "referred_to_by": 44, "refers_to": 45, "has_component": 46, "direct_procedure_site_of": 47, "direct_substance_of": 48, "indirect_procedure_site_of": 49, "device_used_by": 50, "has_direct_substance": 51, "has_specimen_substance": 52, "has_method": 53, "focus_of": 54, "has_definitional_manifestation": 55, "has_procedure_morphology": 56, "direct_morphology_of": 57, "procedure_site_of": 58, "has_specimen_procedure": 59, "has_specimen_source_topography": 60, "has_finding_method": 61, "alternative_of": 62, "active_ingredient_of": 63, "has_active_ingredient": 64, "component_of": 65, "access_of": 66, "has_property": 67, "property_of": 68, "has_inherent_attribute": 69, "technique_of": 70, "process_duration_of": 71, "has_entire_anatomy_structure": 72, "uses_device": 73, "has_direct_device": 74, "part_anatomy_structure_of": 75, "direct_device_of": 76, "during": 77, "substance_used_by": 78, "access_device_used_by": 79, "has_procedure_device": 80, "has_recipient_category": 81, "recipient_category_of": 82, "uses_substance": 83, "has_interpretation": 84, "finding_informer_of": 85, "realization_of": 86, "uses_access_device": 87, "procedure_morphology_of": 88, "associated_finding_of": 89, "temporal_context_of": 90, "surgical_approach_of": 91, "inverse_during": 92, "procedure_context_of": 93, "uses_energy": 94, "finding_method_of": 95, "specimen_of": 96, "associated_procedure_of": 97, "mth_has_plain_text_form": 98, "mth_has_xml_form": 99, "mth_plain_text_form_of": 100, "mth_xml_form_of": 101, "characterized_by": 102, "temporally_related_to": 103, "severity_of": 104, "has_surgical_approach": 105, "procedure_device_of": 106, "indirect_morphology_of": 107, "occurs_in": 108, "revision_status_of": 109, "has_intent": 110, "characterizes": 111, "energy_used_by": 112, "has_severity": 113, "has_clinical_course": 114, "direct_site_of": 115, "has_technique": 116, "has_access": 117, "specimen_source_morphology_of": 118, "has_revision_status": 119, "has_laterality": 120, "has_pathological_process": 121, "specimen_procedure_of": 122, "specimen_source_topography_of": 123, "specimen_substance_of": 124, "has_direct_site": 125, "has_precondition": 126, "has_part_anatomy_structure": 127, "has_procedure_context": 128, "has_finding_context": 129, "has_process_duration": 130, "has_specimen": 131, "moved_to": 132, "has_temporal_context": 133, "has_subject_relationship_context": 134, "has_finding_informer": 135, "definitional_manifestation_of": 136, "inheres_in": 137, "has_realization": 138, "precondition_of": 139}