{"PartOf_reverse": 0, "MotivatedByGoal": 1, "InheritsFrom_reverse": 2, "CausesDesire_reverse": 3, "NotIsA": 4, "NotIsA_reverse": 5, "HasPrerequisite_reverse": 6, "InstanceOf": 7, "InheritsFrom": 8, "Desires": 9, "CausesDesire": 10, "InstanceOf_reverse": 11, "LocatedNear": 12, "SymbolOf_reverse": 13, "HasProperty": 14, "LocationOfAction_reverse": 15, "PartOf": 16, "HasPrerequisite": 17, "MotivatedByGoal_reverse": 18, "HasFirstSubevent": 19, "MadeOf": 20, "LocationOfAction": 21, "HasSubevent": 22, "AtLocation_reverse": 23, "ReceivesAction_reverse": 24, "HasProperty_reverse": 25, "CapableOf": 26, "MadeOf_reverse": 27, "DefinedAs": 28, "SymbolOf": 29, "NotCapableOf_reverse": 30, "DesireOf_reverse": 31, "NotMadeOf": 32, "HasPainIntensity": 33, "HasLastSubevent": 34, "NotHasA": 35, "NotHasA_reverse": 36, "IsA": 37, "NotDesires": 38, "HasLastSubevent_reverse": 39, "AtLocation": 40, "Causes": 41, "LocatedNear_reverse": 42, "RelatedTo": 43, "NotMadeOf_reverse": 44, "CreatedBy": 45, "UsedFor_reverse": 46, "NotCapableOf": 47, "HasA_reverse": 48, "NotHasProperty": 49, "HasPainCharacter_reverse": 50, "CreatedBy_reverse": 51, "CapableOf_reverse": 52, "Causes_reverse": 53, "NotDesires_reverse": 54, "Desires_reverse": 55, "IsA_reverse": 56, "RelatedTo_reverse": 57, "DefinedAs_reverse": 58, "DesireOf": 59, "HasFirstSubevent_reverse": 60, "HasPainCharacter": 61, "HasPainIntensity_reverse": 62, "ReceivesAction": 63, "HasSubevent_reverse": 64, "NotHasProperty_reverse": 65, "UsedFor": 66, "HasA": 67}