{"/film/film/music": 0, "/user/tsegaran/random/taxonomy_subject/entry./user/tsegaran/random/taxonomy_entry/taxonomy": 1, "/dataworld/gardening_hint/split_to": 2, "/olympics/olympic_participating_country/medals_won./olympics/olympic_medal_honor/olympics_reverse": 3, "/sports/sports_team/roster./american_football/football_roster_position/position": 4, "/baseball/baseball_team/team_stats./baseball/baseball_team_stats/season_reverse": 5, "/education/field_of_study/students_majoring./education/education/major_field_of_study_reverse": 6, "/award/award_winning_work/awards_won./award/award_honor/honored_for_reverse": 7, "/award/award_ceremony/awards_presented./award/award_honor/honored_for_reverse": 8, "/film/film/produced_by_reverse": 9, "/organization/non_profit_organization/registered_with./organization/non_profit_registration/registering_agency": 10, "/base/x2010fifaworldcupsouthafrica/world_cup_squad/current_world_cup_squad./base/x2010fifaworldcupsouthafrica/current_world_cup_squad/current_club_reverse": 11, "/business/business_operation/assets./measurement_unit/dated_money_value/currency": 12, "/people/person/spouse_s./people/marriage/type_of_union_reverse": 13, "/base/petbreeds/city_with_dogs/top_breeds./base/petbreeds/dog_city_relationship/dog_breed": 14, "/location/location/time_zones_reverse": 15, "/music/genre/parent_genre": 16, "/education/educational_degree/people_with_this_degree./education/education/student": 17, "/business/business_operation/assets./measurement_unit/dated_money_value/currency_reverse": 18, "/organization/organization/place_founded": 19, "/education/educational_institution/school_type_reverse": 20, "/sports/sports_team/sport_reverse": 21, "/people/person/spouse_s./people/marriage/location_of_ceremony_reverse": 22, "/business/business_operation/revenue./measurement_unit/dated_money_value/currency": 23, "/tv/tv_network/programs./tv/tv_network_duration/program": 24, "/tv/tv_program/tv_producer./tv/tv_producer_term/producer_type": 25, "/common/topic/webpage./common/webpage/category": 26, "/tv/tv_writer/tv_programs./tv/tv_program_writer_relationship/tv_program_reverse": 27, "/people/ethnicity/languages_spoken": 28, "/film/film/distributors./film/film_film_distributor_relationship/film_distribution_medium": 29, "/education/educational_degree/people_with_this_degree./education/education/institution_reverse": 30, "/film/film/film_art_direction_by": 31, "/location/statistical_region/places_exported_to./location/imports_and_exports/exported_to": 32, "/user/jg/default_domain/olympic_games/sports": 33, "/base/americancomedy/celebrity_impressionist/celebrities_impersonated": 34, "/people/person/profession": 35, "/award/award_nominated_work/award_nominations./award/award_nomination/nominated_for": 36, "/base/popstra/celebrity/canoodled./base/popstra/canoodled/participant_reverse": 37, "/film/film/story_by_reverse": 38, "/tv/tv_program/languages_reverse": 39, "/location/statistical_region/rent50_2./measurement_unit/dated_money_value/currency": 40, "/military/military_conflict/combatants./military/military_combatant_group/combatants_reverse": 41, "/film/film/story_by": 42, "/film/director/film_reverse": 43, "/award/award_nominee/award_nominations./award/award_nomination/nominated_for_reverse": 44, "/education/field_of_study/students_majoring./education/education/student": 45, "/film/film/prequel_reverse": 46, "/people/deceased_person/place_of_death_reverse": 47, "/time/event/locations_reverse": 48, "/music/genre/artists_reverse": 49, "/american_football/football_team/current_roster./sports/sports_team_roster/position_reverse": 50, "/education/university/international_tuition./measurement_unit/dated_money_value/currency": 51, "/government/politician/government_positions_held./government/government_position_held/legislative_sessions_reverse": 52, "/medicine/disease/risk_factors_reverse": 53, "/film/film/written_by_reverse": 54, "/base/culturalevent/event/entity_involved": 55, "/film/film/other_crew./film/film_crew_gig/crewmember": 56, "/film/film/written_by": 57, "/sports/sports_team/roster./american_football/football_historical_roster_position/position_s": 58, "/influence/influence_node/influenced_by": 59, "/influence/influence_node/peers./influence/peer_relationship/peers_reverse": 60, "/people/person/sibling_s./people/sibling_relationship/sibling_reverse": 61, "/broadcast/content/artist": 62, "/location/statistical_region/gni_per_capita_in_ppp_dollars./measurement_unit/dated_money_value/currency": 63, "/film/actor/film./film/performance/film": 64, "/education/university/fraternities_and_sororities_reverse": 65, "/government/legislative_session/members./government/government_position_held/district_represented": 66, "/base/saturdaynightlive/snl_cast_member/seasons./base/saturdaynightlive/snl_season_tenure/cast_members": 67, "/sports/sport/pro_athletes./sports/pro_sports_played/athlete_reverse": 68, "/base/popstra/location/vacationers./base/popstra/vacation_choice/vacationer_reverse": 69, "/education/educational_institution/campuses_reverse": 70, "/organization/organization/headquarters./location/mailing_address/citytown": 71, "/music/instrument/instrumentalists": 72, "/location/hud_foreclosure_area/estimated_number_of_mortgages./measurement_unit/dated_integer/source_reverse": 73, "/location/location/adjoin_s./location/adjoining_relationship/adjoins": 74, "/film/film/costume_design_by": 75, "/film/film/production_companies_reverse": 76, "/media_common/netflix_genre/titles_reverse": 77, "/organization/organization/place_founded_reverse": 78, "/location/country/form_of_government_reverse": 79, "/time/event/instance_of_recurring_event_reverse": 80, "/film/film/dubbing_performances./film/dubbing_performance/actor": 81, "/film/film/edited_by_reverse": 82, "/music/genre/artists": 83, "/base/marchmadness/ncaa_basketball_tournament/seeds./base/marchmadness/ncaa_tournament_seed/team_reverse": 84, "/base/schemastaging/person_extra/net_worth./measurement_unit/dated_money_value/currency_reverse": 85, "/sports/sports_league/teams./sports/sports_league_participation/team": 86, "/sports/sports_league_draft/picks./sports/sports_league_draft_pick/school_reverse": 87, "/education/educational_institution/students_graduates./education/education/student": 88, "/film/film/film_production_design_by_reverse": 89, "/location/statistical_region/gdp_real./measurement_unit/adjusted_money_value/adjustment_currency": 90, "/film/person_or_entity_appearing_in_film/films./film/personal_film_appearance/type_of_appearance": 91, "/film/film/prequel": 92, "/award/award_ceremony/awards_presented./award/award_honor/honored_for": 93, "/film/film_set_designer/film_sets_designed_reverse": 94, "/location/us_county/county_seat_reverse": 95, "/music/artist/contribution./music/recording_contribution/performance_role_reverse": 96, "/location/country/capital_reverse": 97, "/people/marriage_union_type/unions_of_this_type./people/marriage/location_of_ceremony_reverse": 98, "/award/award_winner/awards_won./award/award_honor/award_winner": 99, "/film/film/release_date_s./film/film_regional_release_date/film_regional_debut_venue": 100, "/user/alexander/philosophy/philosopher/interests_reverse": 101, "/film/actor/dubbing_performances./film/dubbing_performance/language_reverse": 102, "/location/statistical_region/religions./location/religion_percentage/religion": 103, "/film/film/cinematography_reverse": 104, "/soccer/football_team/current_roster./soccer/football_roster_position/position": 105, "/award/award_category/winners./award/award_honor/ceremony_reverse": 106, "/education/university/local_tuition./measurement_unit/dated_money_value/currency": 107, "/sports/professional_sports_team/draft_picks./sports/sports_league_draft_pick/draft": 108, "/business/business_operation/industry": 109, "/music/genre/parent_genre_reverse": 110, "/sports/sports_team/roster./american_football/football_historical_roster_position/position_s_reverse": 111, "/film/actor/film./film/performance/special_performance_type_reverse": 112, "/base/schemastaging/organization_extra/phone_number./base/schemastaging/phone_sandbox/service_location": 113, "/sports/sports_position/players./american_football/football_historical_roster_position/position_s_reverse": 114, "/food/food/nutrients./food/nutrition_fact/nutrient": 115, "/business/job_title/people_with_this_title./business/employment_tenure/company_reverse": 116, "/soccer/football_team/current_roster./soccer/football_roster_position/position_reverse": 117, "/media_common/netflix_genre/titles": 118, "/base/aareas/schema/administrative_area/administrative_area_type": 119, "/government/politician/government_positions_held./government/government_position_held/basic_title_reverse": 120, "/people/ethnicity/geographic_distribution_reverse": 121, "/education/field_of_study/students_majoring./education/education/major_field_of_study": 122, "/education/university/fraternities_and_sororities": 123, "/organization/organization/headquarters./location/mailing_address/country": 124, "/music/artist/origin_reverse": 125, "/music/instrument/family_reverse": 126, "/award/award_nominee/award_nominations./award/award_nomination/award_nominee": 127, "/location/hud_county_place/place": 128, "/film/film/estimated_budget./measurement_unit/dated_money_value/currency_reverse": 129, "/sports/sports_league_draft/picks./sports/sports_league_draft_pick/school": 130, "/film/actor/dubbing_performances./film/dubbing_performance/language": 131, "/sports/sports_team_location/teams": 132, "/olympics/olympic_games/sports": 133, "/award/award_winning_work/awards_won./award/award_honor/award": 134, "/dataworld/gardening_hint/split_to_reverse": 135, "/film/film/film_format": 136, "/people/person/places_lived./people/place_lived/location": 137, "/common/topic/webpage./common/webpage/category_reverse": 138, "/tv/tv_personality/tv_regular_appearances./tv/tv_regular_personal_appearance/program_reverse": 139, "/award/hall_of_fame/inductees./award/hall_of_fame_induction/inductee_reverse": 140, "/tv/tv_producer/programs_produced./tv/tv_producer_term/program_reverse": 141, "/music/performance_role/regular_performances./music/group_membership/role": 142, "/sports/sports_position/players./american_football/football_historical_roster_position/position_s": 143, "/olympics/olympic_participating_country/medals_won./olympics/olympic_medal_honor/medal": 144, "/base/aareas/schema/administrative_area/capital": 145, "/education/university/domestic_tuition./measurement_unit/dated_money_value/currency": 146, "/location/us_county/county_seat": 147, "/base/locations/continents/countries_within_reverse": 148, "/film/special_film_performance_type/film_performance_type./film/performance/film": 149, "/people/person/spouse_s./people/marriage/spouse": 150, "/film/film/runtime./film/film_cut/film_release_region": 151, "/location/statistical_region/gdp_real./measurement_unit/adjusted_money_value/adjustment_currency_reverse": 152, "/medicine/disease/notable_people_with_this_condition": 153, "/user/ktrueman/default_domain/international_organization/member_states": 154, "/travel/travel_destination/how_to_get_here./travel/transportation/mode_of_transportation": 155, "/sports/sports_position/players./sports/sports_team_roster/team": 156, "/language/human_language/countries_spoken_in": 157, "/business/job_title/people_with_this_title./business/employment_tenure/company": 158, "/soccer/football_player/current_team./sports/sports_team_roster/team_reverse": 159, "/film/film/featured_film_locations": 160, "/education/educational_institution_campus/educational_institution_reverse": 161, "/base/popstra/location/vacationers./base/popstra/vacation_choice/vacationer": 162, "/celebrities/celebrity/celebrity_friends./celebrities/friendship/friend": 163, "/film/film_set_designer/film_sets_designed": 164, "/organization/organization/child./organization/organization_relationship/child": 165, "/user/ktrueman/default_domain/international_organization/member_states_reverse": 166, "/location/statistical_region/gdp_nominal./measurement_unit/dated_money_value/currency": 167, "/medicine/disease/risk_factors": 168, "/people/profession/specialization_of": 169, "/location/country/second_level_divisions_reverse": 170, "/people/deceased_person/place_of_burial": 171, "/olympics/olympic_games/participating_countries_reverse": 172, "/people/person/employment_history./business/employment_tenure/company_reverse": 173, "/film/film/language": 174, "/music/group_member/membership./music/group_membership/role": 175, "/location/location/contains_reverse": 176, "/education/educational_institution_campus/educational_institution": 177, "/base/schemastaging/organization_extra/phone_number./base/schemastaging/phone_sandbox/contact_category_reverse": 178, "/government/political_party/politicians_in_this_party./government/political_party_tenure/politician": 179, "/medicine/symptom/symptom_of": 180, "/education/university/local_tuition./measurement_unit/dated_money_value/currency_reverse": 181, "/award/award_category/disciplines_or_subjects": 182, "/sports/sports_team/roster./basketball/basketball_roster_position/position": 183, "/tv/tv_program/genre_reverse": 184, "/film/actor/film./film/performance/special_performance_type": 185, "/award/award_ceremony/awards_presented./award/award_honor/award_winner_reverse": 186, "/people/cause_of_death/people": 187, "/people/person/languages": 188, "/sports/sport/pro_athletes./sports/pro_sports_played/athlete": 189, "/organization/role/leaders./organization/leadership/organization": 190, "/user/jg/default_domain/olympic_games/sports_reverse": 191, "/base/popstra/celebrity/canoodled./base/popstra/canoodled/participant": 192, "/location/country/capital": 193, "/base/schemastaging/organization_extra/phone_number./base/schemastaging/phone_sandbox/service_location_reverse": 194, "/film/person_or_entity_appearing_in_film/films./film/personal_film_appearance/type_of_appearance_reverse": 195, "/base/schemastaging/person_extra/net_worth./measurement_unit/dated_money_value/currency": 196, "/film/film_subject/films_reverse": 197, "/education/educational_degree/people_with_this_degree./education/education/student_reverse": 198, "/base/eating/practicer_of_diet/diet": 199, "/people/person/languages_reverse": 200, "/tv/tv_program/genre": 201, "/travel/travel_destination/climate./travel/travel_destination_monthly_climate/month": 202, "/government/politician/government_positions_held./government/government_position_held/jurisdiction_of_office_reverse": 203, "/location/country/official_language": 204, "/award/award_nominee/award_nominations./award/award_nomination/award": 205, "/location/statistical_region/gdp_nominal_per_capita./measurement_unit/dated_money_value/currency": 206, "/music/group_member/membership./music/group_membership/group": 207, "/organization/organization_member/member_of./organization/organization_membership/organization": 208, "/government/politician/government_positions_held./government/government_position_held/jurisdiction_of_office": 209, "/film/film/production_companies": 210, "/award/award_nominee/award_nominations./award/award_nomination/award_nominee_reverse": 211, "/location/hud_county_place/place_reverse": 212, "/film/film/distributors./film/film_film_distributor_relationship/region": 213, "/base/eating/practicer_of_diet/diet_reverse": 214, "/film/actor/film./film/performance/film_reverse": 215, "/olympics/olympic_sport/athletes./olympics/olympic_athlete_affiliation/country": 216, "/government/politician/government_positions_held./government/government_position_held/legislative_sessions": 217, "/film/film/release_date_s./film/film_regional_release_date/film_release_distribution_medium_reverse": 218, "/award/award_category/winners./award/award_honor/ceremony": 219, "/film/film/country": 220, "/film/film/other_crew./film/film_crew_gig/crewmember_reverse": 221, "/tv/tv_producer/programs_produced./tv/tv_producer_term/program": 222, "/film/film/music_reverse": 223, "/location/hud_county_place/county_reverse": 224, "/location/statistical_region/gni_per_capita_in_ppp_dollars./measurement_unit/dated_money_value/currency_reverse": 225, "/base/schemastaging/organization_extra/phone_number./base/schemastaging/phone_sandbox/contact_category": 226, "/award/award_category/nominees./award/award_nomination/nominated_for": 227, "/music/group_member/membership./music/group_membership/role_reverse": 228, "/base/petbreeds/city_with_dogs/top_breeds./base/petbreeds/dog_city_relationship/dog_breed_reverse": 229, "/location/country/form_of_government": 230, "/sports/sports_team/sport": 231, "/music/artist/contribution./music/recording_contribution/performance_role": 232, "/music/performance_role/regular_performances./music/group_membership/group_reverse": 233, "/influence/influence_node/influenced_by_reverse": 234, "/location/location/partially_contains_reverse": 235, "/sports/sports_team/roster./basketball/basketball_roster_position/position_reverse": 236, "/award/award_category/nominees./award/award_nomination/nominated_for_reverse": 237, "/award/award_ceremony/awards_presented./award/award_honor/award_winner": 238, "/tv/tv_network/programs./tv/tv_network_duration/program_reverse": 239, "/people/person/gender_reverse": 240, "/government/politician/government_positions_held./government/government_position_held/basic_title": 241, "/military/military_combatant/military_conflicts./military/military_combatant_group/combatants": 242, "/tv/tv_program/regular_cast./tv/regular_tv_appearance/actor_reverse": 243, "/sports/sports_team/roster./american_football/football_roster_position/position_reverse": 244, "/tv/tv_program/country_of_origin_reverse": 245, "/government/government_office_category/officeholders./government/government_position_held/jurisdiction_of_office": 246, "/base/popstra/celebrity/breakup./base/popstra/breakup/participant": 247, "/people/person/profession_reverse": 248, "/film/film/film_production_design_by": 249, "/location/location/adjoin_s./location/adjoining_relationship/adjoins_reverse": 250, "/film/film/other_crew./film/film_crew_gig/film_crew_role": 251, "/film/film/personal_appearances./film/personal_film_appearance/person_reverse": 252, "/film/film/film_format_reverse": 253, "/food/food/nutrients./food/nutrition_fact/nutrient_reverse": 254, "/broadcast/content/artist_reverse": 255, "/soccer/football_player/current_team./sports/sports_team_roster/team": 256, "/people/person/sibling_s./people/sibling_relationship/sibling": 257, "/music/performance_role/regular_performances./music/group_membership/group": 258, "/base/schemastaging/organization_extra/phone_number./base/schemastaging/phone_sandbox/service_language": 259, "/celebrities/celebrity/sexual_relationships./celebrities/romantic_relationship/celebrity_reverse": 260, "/film/film/release_date_s./film/film_regional_release_date/film_regional_debut_venue_reverse": 261, "/award/award_winning_work/awards_won./award/award_honor/honored_for": 262, "/people/deceased_person/place_of_death": 263, "/people/person/places_lived./people/place_lived/location_reverse": 264, "/government/government_office_category/officeholders./government/government_position_held/jurisdiction_of_office_reverse": 265, "/base/biblioness/bibs_location/country_reverse": 266, "/education/educational_degree/people_with_this_degree./education/education/institution": 267, "/business/business_operation/operating_income./measurement_unit/dated_money_value/currency": 268, "/location/statistical_region/gdp_nominal./measurement_unit/dated_money_value/currency_reverse": 269, "/location/capital_of_administrative_division/capital_of./location/administrative_division_capital_relationship/administrative_division": 270, "/music/performance_role/track_performances./music/track_contribution/role_reverse": 271, "/user/tsegaran/random/taxonomy_subject/entry./user/tsegaran/random/taxonomy_entry/taxonomy_reverse": 272, "/olympics/olympic_sport/athletes./olympics/olympic_athlete_affiliation/olympics_reverse": 273, "/military/military_conflict/combatants./military/military_combatant_group/combatants": 274, "/ice_hockey/hockey_team/current_roster./sports/sports_team_roster/position_reverse": 275, "/film/film/runtime./film/film_cut/film_release_region_reverse": 276, "/government/legislative_session/members./government/government_position_held/district_represented_reverse": 277, "/base/locations/continents/countries_within": 278, "/olympics/olympic_participating_country/athletes./olympics/olympic_athlete_affiliation/olympics_reverse": 279, "/music/performance_role/guest_performances./music/recording_contribution/performance_role": 280, "/organization/non_profit_organization/registered_with./organization/non_profit_registration/registering_agency_reverse": 281, "/sports/sports_league/teams./sports/sports_league_participation/team_reverse": 282, "/olympics/olympic_participating_country/medals_won./olympics/olympic_medal_honor/olympics": 283, "/location/statistical_region/rent50_2./measurement_unit/dated_money_value/currency_reverse": 284, "/organization/organization/child./organization/organization_relationship/child_reverse": 285, "/location/location/partially_contains": 286, "/people/person/place_of_birth": 287, "/business/business_operation/revenue./measurement_unit/dated_money_value/currency_reverse": 288, "/medicine/disease/notable_people_with_this_condition_reverse": 289, "/film/film/executive_produced_by_reverse": 290, "/film/special_film_performance_type/film_performance_type./film/performance/film_reverse": 291, "/base/popstra/celebrity/breakup./base/popstra/breakup/participant_reverse": 292, "/travel/travel_destination/climate./travel/travel_destination_monthly_climate/month_reverse": 293, "/government/governmental_body/members./government/government_position_held/legislative_sessions": 294, "/people/person/nationality_reverse": 295, "/time/event/locations": 296, "/base/localfood/seasonal_month/produce_available./base/localfood/produce_availability/seasonal_months_reverse": 297, "/film/film_distributor/films_distributed./film/film_film_distributor_relationship/film_reverse": 298, "/language/human_language/countries_spoken_in_reverse": 299, "/film/film_subject/films": 300, "/award/award_winner/awards_won./award/award_honor/award_winner_reverse": 301, "/tv/tv_producer/programs_produced./tv/tv_producer_term/producer_type_reverse": 302, "/music/group_member/membership./music/group_membership/group_reverse": 303, "/location/statistical_region/gdp_nominal_per_capita./measurement_unit/dated_money_value/currency_reverse": 304, "/film/film/personal_appearances./film/personal_film_appearance/person": 305, "/music/performance_role/guest_performances./music/recording_contribution/performance_role_reverse": 306, "/business/business_operation/industry_reverse": 307, "/sports/sports_position/players./sports/sports_team_roster/position_reverse": 308, "/film/film/film_art_direction_by_reverse": 309, "/people/ethnicity/languages_spoken_reverse": 310, "/sports/pro_athlete/teams./sports/sports_team_roster/team": 311, "/people/ethnicity/geographic_distribution": 312, "/award/award_category/winners./award/award_honor/award_winner_reverse": 313, "/film/director/film": 314, "/organization/endowed_organization/endowment./measurement_unit/dated_money_value/currency_reverse": 315, "/award/hall_of_fame/inductees./award/hall_of_fame_induction/inductee": 316, "/award/ranked_item/appears_in_ranked_lists./award/ranking/list": 317, "/sports/sports_position/players./sports/sports_team_roster/position": 318, "/music/artist/track_contributions./music/track_contribution/role_reverse": 319, "/base/marchmadness/ncaa_basketball_tournament/seeds./base/marchmadness/ncaa_tournament_seed/team": 320, "/music/instrument/family": 321, "/film/film/executive_produced_by": 322, "/film/film/country_reverse": 323, "/film/film/dubbing_performances./film/dubbing_performance/actor_reverse": 324, "/organization/organization_founder/organizations_founded_reverse": 325, "/base/aareas/schema/administrative_area/administrative_area_type_reverse": 326, "/people/person/religion": 327, "/base/americancomedy/celebrity_impressionist/celebrities_impersonated_reverse": 328, "/tv/tv_program/program_creator_reverse": 329, "/sports/sports_position/players./sports/sports_team_roster/team_reverse": 330, "/ice_hockey/hockey_team/current_roster./sports/sports_team_roster/position": 331, "/location/statistical_region/places_exported_to./location/imports_and_exports/exported_to_reverse": 332, "/film/film/film_festivals": 333, "/education/educational_institution/students_graduates./education/education/student_reverse": 334, "/award/ranked_item/appears_in_ranked_lists./award/ranking/list_reverse": 335, "/organization/organization_member/member_of./organization/organization_membership/organization_reverse": 336, "/film/film/genre_reverse": 337, "/film/film/release_date_s./film/film_regional_release_date/film_release_distribution_medium": 338, "/people/person/nationality": 339, "/base/x2010fifaworldcupsouthafrica/world_cup_squad/current_world_cup_squad./base/x2010fifaworldcupsouthafrica/current_world_cup_squad/current_club": 340, "/sports/sports_team/roster./baseball/baseball_roster_position/position": 341, "/sports/professional_sports_team/draft_picks./sports/sports_league_draft_pick/school": 342, "/people/person/spouse_s./people/marriage/type_of_union": 343, "/film/film/featured_film_locations_reverse": 344, "/location/country/second_level_divisions": 345, "/tv/tv_program/program_creator": 346, "/education/university/international_tuition./measurement_unit/dated_money_value/currency_reverse": 347, "/sports/pro_athlete/teams./sports/sports_team_roster/team_reverse": 348, "/film/film/costume_design_by_reverse": 349, "/location/administrative_division/country_reverse": 350, "/music/performance_role/regular_performances./music/group_membership/role_reverse": 351, "/tv/non_character_role/tv_regular_personal_appearances./tv/tv_regular_personal_appearance/person": 352, "/people/person/religion_reverse": 353, "/base/biblioness/bibs_location/state": 354, "/education/university/domestic_tuition./measurement_unit/dated_money_value/currency_reverse": 355, "/education/educational_institution/campuses": 356, "/education/educational_institution/colors": 357, "/people/person/place_of_birth_reverse": 358, "/base/popstra/celebrity/friendship./base/popstra/friendship/participant": 359, "/time/event/instance_of_recurring_event": 360, "/base/biblioness/bibs_location/state_reverse": 361, "/sports/professional_sports_team/draft_picks./sports/sports_league_draft_pick/draft_reverse": 362, "/olympics/olympic_games/participating_countries": 363, "/location/administrative_division/first_level_division_of": 364, "/base/culturalevent/event/entity_involved_reverse": 365, "/base/localfood/seasonal_month/produce_available./base/localfood/produce_availability/seasonal_months": 366, "/award/award_winning_work/awards_won./award/award_honor/award_winner_reverse": 367, "/award/award_category/disciplines_or_subjects_reverse": 368, "/film/film/distributors./film/film_film_distributor_relationship/region_reverse": 369, "/american_football/football_team/current_roster./sports/sports_team_roster/position": 370, "/olympics/olympic_games/medals_awarded./olympics/olympic_medal_honor/medal_reverse": 371, "/music/artist/track_contributions./music/track_contribution/role": 372, "/people/deceased_person/place_of_burial_reverse": 373, "/film/film/language_reverse": 374, "/tv/tv_program/tv_producer./tv/tv_producer_term/producer_type_reverse": 375, "/people/marriage_union_type/unions_of_this_type./people/marriage/location_of_ceremony": 376, "/tv/tv_personality/tv_regular_appearances./tv/tv_regular_personal_appearance/program": 377, "/base/aareas/schema/administrative_area/capital_reverse": 378, "/influence/influence_node/peers./influence/peer_relationship/peers": 379, "/education/educational_institution/school_type": 380, "/education/educational_institution/colors_reverse": 381, "/award/award_nominated_work/award_nominations./award/award_nomination/nominated_for_reverse": 382, "/film/film/estimated_budget./measurement_unit/dated_money_value/currency": 383, "/base/saturdaynightlive/snl_cast_member/seasons./base/saturdaynightlive/snl_season_tenure/cast_members_reverse": 384, "/base/popstra/celebrity/friendship./base/popstra/friendship/participant_reverse": 385, "/sports/sports_team/colors": 386, "/film/film/release_date_s./film/film_regional_release_date/film_release_region": 387, "/sports/sports_team/roster./baseball/baseball_roster_position/position_reverse": 388, "/organization/organization/headquarters./location/mailing_address/citytown_reverse": 389, "/education/educational_institution/students_graduates./education/education/major_field_of_study_reverse": 390, "/government/governmental_body/members./government/government_position_held/legislative_sessions_reverse": 391, "/film/film/edited_by": 392, "/people/ethnicity/people_reverse": 393, "/base/schemastaging/organization_extra/phone_number./base/schemastaging/phone_sandbox/service_language_reverse": 394, "/award/award_category/winners./award/award_honor/award_winner": 395, "/base/aareas/schema/administrative_area/administrative_parent": 396, "/film/film/film_festivals_reverse": 397, "/award/award_category/category_of_reverse": 398, "/music/artist/origin": 399, "/tv/tv_producer/programs_produced./tv/tv_producer_term/producer_type": 400, "/people/profession/specialization_of_reverse": 401, "/music/record_label/artist_reverse": 402, "/location/hud_county_place/county": 403, "/award/award_category/category_of": 404, "/tv/tv_writer/tv_programs./tv/tv_program_writer_relationship/tv_program": 405, "/location/location/contains": 406, "/soccer/football_team/current_roster./sports/sports_team_roster/position": 407, "/base/popstra/celebrity/dated./base/popstra/dated/participant_reverse": 408, "/music/performance_role/track_performances./music/track_contribution/role": 409, "/people/person/gender": 410, "/organization/organization/headquarters./location/mailing_address/country_reverse": 411, "/base/biblioness/bibs_location/country": 412, "/olympics/olympic_sport/athletes./olympics/olympic_athlete_affiliation/olympics": 413, "/baseball/baseball_team/team_stats./baseball/baseball_team_stats/season": 414, "/tv/non_character_role/tv_regular_personal_appearances./tv/tv_regular_personal_appearance/person_reverse": 415, "/military/military_combatant/military_conflicts./military/military_combatant_group/combatants_reverse": 416, "/location/statistical_region/religions./location/religion_percentage/religion_reverse": 417, "/education/educational_institution/students_graduates./education/education/major_field_of_study": 418, "/people/cause_of_death/people_reverse": 419, "/government/political_party/politicians_in_this_party./government/political_party_tenure/politician_reverse": 420, "/people/person/employment_history./business/employment_tenure/company": 421, "/award/award_winning_work/awards_won./award/award_honor/award_winner": 422, "/olympics/olympic_participating_country/medals_won./olympics/olympic_medal_honor/medal_reverse": 423, "/olympics/olympic_participating_country/athletes./olympics/olympic_athlete_affiliation/olympics": 424, "/location/hud_foreclosure_area/estimated_number_of_mortgages./measurement_unit/dated_integer/source": 425, "/base/aareas/schema/administrative_area/administrative_parent_reverse": 426, "/people/person/spouse_s./people/marriage/location_of_ceremony": 427, "/olympics/olympic_games/medals_awarded./olympics/olympic_medal_honor/medal": 428, "/film/film/genre": 429, "/location/country/official_language_reverse": 430, "/education/educational_degree/people_with_this_degree./education/education/major_field_of_study": 431, "/location/administrative_division/first_level_division_of_reverse": 432, "/organization/organization/headquarters./location/mailing_address/state_province_region": 433, "/olympics/olympic_games/sports_reverse": 434, "/tv/tv_program/country_of_origin": 435, "/soccer/football_team/current_roster./sports/sports_team_roster/position_reverse": 436, "/celebrities/celebrity/celebrity_friends./celebrities/friendship/friend_reverse": 437, "/organization/organization/headquarters./location/mailing_address/state_province_region_reverse": 438, "/education/educational_degree/people_with_this_degree./education/education/major_field_of_study_reverse": 439, "/olympics/olympic_sport/athletes./olympics/olympic_athlete_affiliation/country_reverse": 440, "/organization/organization_founder/organizations_founded": 441, "/music/instrument/instrumentalists_reverse": 442, "/film/film/cinematography": 443, "/film/film_distributor/films_distributed./film/film_film_distributor_relationship/film": 444, "/travel/travel_destination/how_to_get_here./travel/transportation/mode_of_transportation_reverse": 445, "/location/capital_of_administrative_division/capital_of./location/administrative_division_capital_relationship/administrative_division_reverse": 446, "/award/award_nominee/award_nominations./award/award_nomination/nominated_for": 447, "/government/legislative_session/members./government/government_position_held/legislative_sessions_reverse": 448, "/film/film/release_date_s./film/film_regional_release_date/film_release_region_reverse": 449, "/celebrities/celebrity/sexual_relationships./celebrities/romantic_relationship/celebrity": 450, "/people/person/spouse_s./people/marriage/spouse_reverse": 451, "/user/alexander/philosophy/philosopher/interests": 452, "/sports/sports_team_location/teams_reverse": 453, "/award/award_nominee/award_nominations./award/award_nomination/award_reverse": 454, "/film/film/produced_by": 455, "/award/award_winning_work/awards_won./award/award_honor/award_reverse": 456, "/education/field_of_study/students_majoring./education/education/student_reverse": 457, "/film/film/distributors./film/film_film_distributor_relationship/film_distribution_medium_reverse": 458, "/music/record_label/artist": 459, "/government/legislative_session/members./government/government_position_held/legislative_sessions": 460, "/film/film/other_crew./film/film_crew_gig/film_crew_role_reverse": 461, "/location/location/time_zones": 462, "/tv/tv_program/languages": 463, "/sports/sports_team/colors_reverse": 464, "/sports/professional_sports_team/draft_picks./sports/sports_league_draft_pick/school_reverse": 465, "/business/business_operation/operating_income./measurement_unit/dated_money_value/currency_reverse": 466, "/organization/role/leaders./organization/leadership/organization_reverse": 467, "/tv/tv_program/regular_cast./tv/regular_tv_appearance/actor": 468, "/base/popstra/celebrity/dated./base/popstra/dated/participant": 469, "/organization/endowed_organization/endowment./measurement_unit/dated_money_value/currency": 470, "/medicine/symptom/symptom_of_reverse": 471, "/location/administrative_division/country": 472, "/people/ethnicity/people": 473}